<?xml version="1.0" encoding="UTF-8"?>
<configuration debug="false">
    <!--定义日志文件的存储地址 勿在 LogBack 的配置中使用相对路径-->
    <property name="LOG_HOME" value="log" />
    <!-- 控制台输出 -->
    <appender name="STDOUT" class="ch.qos.logback.core.ConsoleAppender">
        <encoder class="ch.qos.logback.classic.encoder.PatternLayoutEncoder">
            <pattern>%d %-4relative [%thread] %-5level %logger{35} [%X{traceId}] - %msg %n</pattern>
        </encoder>
    </appender>
    <!-- 按照每天生成日志文件 -->
    <appender name="FILE"  class="ch.qos.logback.core.rolling.RollingFileAppender">
        <file>/data/logs/fast-application.log</file>

        <rollingPolicy class="ch.qos.logback.core.rolling.FixedWindowRollingPolicy">  
            <fileNamePattern>/data/logs/fast-application.%i.log</fileNamePattern>
            <minIndex>1</minIndex>  
            <maxIndex>100</maxIndex>  
         </rollingPolicy>  

        <encoder class="ch.qos.logback.classic.encoder.PatternLayoutEncoder">
            <pattern>%d %-4relative [%thread] %-5level %logger{35} [%X{traceId}] - %msg %n</pattern>
        </encoder>
        <!--日志文件最大的大小-->
        <triggeringPolicy class="ch.qos.logback.core.rolling.SizeBasedTriggeringPolicy">
            <MaxFileSize>100MB</MaxFileSize>
        </triggeringPolicy>
    </appender>

    <!-- 日志输出级别 -->
    <root level="INFO">
        <appender-ref ref="STDOUT" />
        <appender-ref ref="FILE" />
    </root>
</configuration>